source_slug,raw_folder,registered,identified,vetted,raw_available,adapter_works,normalized,persisted,country_matched,concept_mapped,researcher_routed,validated,available,observation_count,country_count,year_min,year_max,indicators,observation_families,raw_files,processed_manifest,blocking_issue
archigos,archigos,True,True,True,True,True,True,True,True,False,False,False,False,20454,97,1840,2015,archigos_entry_type|archigos_exit_type|archigos_gender|archigos_leader_name|archigos_tenure_end_date|archigos_tenure_start_date,leader_identity_spell,Archigos_4.1_stata14.dta,data/processed/archigos/manifest-archigos-0e85767daa9b.json,observation families do not map to research concepts
bti,bti,True,True,True,True,True,True,True,False,True,False,False,False,18644,0,2003,2025,bti_democracy_status|bti_governance_index|bti_governance_performance|bti_q11_economic_performance|bti_q1_stateness|bti_q2_political_participation|bti_q3_rule_of_law|bti_q4_democratic_institutions|bti_q5_political_social_integration|bti_q6_socioeconomic_development|bti_q7_market_competition|bti_status_index,economic_wellbeing_country_year|effectiveness_country_year|political_freedom_country_year,BTI2026_Codebook.pdf|BTI_2006-2026_Scores.xlsx,data/processed/bti/manifest-bti-711869a1cf66.json,observations lack matched country identity
cirights,cirights,True,True,True,True,True,True,True,False,True,False,False,False,49214,0,1981,2022,cirights_civpol|cirights_disap|cirights_kill|cirights_physint|cirights_polpris|cirights_repression|cirights_tort,domestic_violence_human_rights_country_year,cirights-codebook-v2.8.27.23.pdf|cirights_v3.12.10.24.dta_.zip|cirights_v3.12.10.24.xlsx,data/processed/cirights/manifest-cirights-e2c87c0c8e2e.json,observations lack matched country identity
client_existing,client_existing,False,True,False,True,False,False,False,False,False,False,False,False,0,0,,,,,"2007 democracy_index_EIU.pdf|Corruption Index Methodology 2023.zip|Democ. index report 2022 by EIU.pdf|Democracy index+Report Universitat Wurzburg 2022.pdf|Democracy report Universitat Wurzburg_2022.pdf|ICC defendent list Dec. 2024.xlsx|LATEST BARR'S POLITICAL MATRIX 041725 (1).xlsx|Paige LAST full rulers lists 1901, 1935, 1955, 1995 5.5.25.xlsx|Paige selected nations lists Aug. 5, 25.xlsx|Political matrix - sources (2022-2023) RYO - documentation (1).docx|Political matrix w. CURRENT LEADERS most complete.xlsx|Rulers matrix descriptions for Lior.docx|WORST&BEST LEADERS Ryo 10.02.23.xlsx",,clean adapter registration or valid local metadata is missing
cow_mid,cow_mid,False,True,False,False,False,False,False,False,False,False,False,False,0,0,,,,,,,clean adapter registration or valid local metadata is missing
cshapes,cshapes,False,True,False,True,False,False,False,False,False,False,False,False,0,0,,,,,CShapes-2.0.csv,,clean adapter registration or valid local metadata is missing
ctbto_treaty_status,ctbto_treaty_status,True,True,False,False,False,False,False,False,False,False,False,False,0,0,,,,,,,clean adapter registration or valid local metadata is missing
eiu_democracy_index,eiu_democracy_index,True,True,True,True,True,True,True,False,False,False,False,False,9607,0,2017,2024,eiu_democracy_index_civil_liberties|eiu_democracy_index_electoral_process_pluralism|eiu_democracy_index_functioning_government|eiu_democracy_index_overall_score|eiu_democracy_index_political_culture|eiu_democracy_index_political_participation|eiu_democracy_index_rank|eiu_democracy_index_rank_change|eiu_democracy_index_regime_type,political_freedom_country_year,democracy-index-2006.pdf|democracy-index-2008.pdf|democracy-index-2010.pdf|democracy-index-2011.pdf|democracy-index-2012.pdf|democracy-index-2013.pdf|democracy-index-2014.pdf|democracy-index-2015.pdf|democracy-index-2016.pdf|democracy-index-2017.pdf|democracy-index-2018.pdf|democracy-index-2019.pdf|democracy-index-2021.pdf|democracy-index-2022.pdf|democracy-index-2023.pdf|democracy-index-2024.pdf,data/processed/eiu_democracy_index/manifest-eiu_democracy_index-b20ca8294e27.json,observations lack matched country identity
fas,fas,True,True,True,True,True,True,True,False,True,False,False,False,45,0,2014,2014,fas_military_stockpile|fas_operational_nonstrategic|fas_operational_strategic|fas_reserve_nondeployed|fas_total_inventory,nuclear_country_year,fas_status.html|nuclear-warhead-stockpiles-lines.csv,data/processed/fas/manifest-fas-74e595f09339.json,observations lack matched country identity
freedom_house,freedom_house,True,True,True,True,True,True,True,False,True,False,False,False,19789,0,1973,2026,freedom_house_civil_liberties|freedom_house_political_rights|freedom_house_status,political_freedom_country_year,Aggregate_Category_and_Subcategory_Scores_FIW_2003-2026.xlsx|All_data_FIW_2013-2024.xlsx|All_data_FIW_2013-2026.xlsx|Country_and_Territory_Ratings_and_Statuses_FIW_1973-2024.xlsx|Country_and_Territory_Ratings_and_Statuses_FIW_1973-2026.xlsx,data/processed/freedom_house/manifest-freedom_house-bcf4fc5a9d49.json,observations lack matched country identity
iaea_safeguards,iaea_safeguards,True,True,True,False,False,False,False,False,False,False,False,False,0,0,,,,,,,no non-metadata raw files are staged
icc_cases,icc_cases,False,True,False,True,False,False,False,False,False,False,False,False,0,0,,,,,icc-cases-page-0.html|icc-cases-page-1.html|icc-cases-page-2.html|icc-cases-page-3.html|icc-defendants-page-0.html|icc-defendants-page-1.html|icc-defendants-page-2.html|icc-defendants-page-3.html|icc-defendants-page-4.html|icc-defendants-page-5.html|icc-defendants-page-6.html|icc-defendants-page-7.html,,clean adapter registration or valid local metadata is missing
internet_research_adjudication,internet_research_adjudication,False,False,False,False,True,True,True,True,False,False,False,False,220,32,1903,2025,internet_research_de_facto_principal_ruler|internet_research_principal_ruler,leader_identity_country_year|leader_identity_spell,,,source is neither registered nor locally staged
leader_survival,leader_survival,False,True,False,False,False,False,False,False,False,False,False,False,0,0,,,,,,,clean adapter registration or valid local metadata is missing
maddison_project,maddison_project,True,True,True,True,True,True,True,True,True,True,True,True,55202,169,1,2022,maddison_project_gdp_per_capita_2011_intl|maddison_project_gdp_total_2011_intl_derived|maddison_project_population_thousands,economic_country_year,mpd2023.xlsx,data/processed/maddison_project/manifest-maddison_project-a3d157fb5a7b.json,
polity_v,polity_v,True,True,False,True,False,False,False,False,False,False,False,False,0,0,,,,,p5v2018.sav,,clean adapter registration or valid local metadata is missing
pts,political_terror_scale,True,True,True,True,True,True,True,True,True,False,False,False,16353,202,1976,2024,pts_amnesty_score|pts_human_rights_watch_score|pts_state_dept_score,rights_country_year,PTS-2025.xlsx,,no executable research question routes this source
pwt,pwt,True,True,True,True,True,True,True,True,True,True,True,True,93557,183,1950,2019,pwt_average_annual_hours_worked|pwt_capital_depreciation|pwt_capital_stock|pwt_employment|pwt_human_capital_index|pwt_population|pwt_real_consumption|pwt_real_gdp_expenditure_side|pwt_real_gdp_output_side|pwt_tfp_at_constant_national_prices|pwt_tfp_ctfp,economic_country_year,pwt1001.xlsx,data/processed/pwt/manifest-pwt-61a68ab3e19b.json,
reign,reign,True,True,True,True,True,True,True,True,False,False,False,False,1108800,30,1950,2021,reign_age|reign_elected|reign_government|reign_irregular|reign_leader|reign_male|reign_political_violence|reign_tenure_months,leader_identity_month,REIGN_2021_8.csv,data/processed/reign/manifest-reign-47839df73863.json,observation families do not map to research concepts
rsf_press_freedom,rsf_press_freedom,True,True,True,True,True,True,True,True,True,False,False,False,12900,191,2002,2026,rsf_press_freedom_economic_context|rsf_press_freedom_legal_context|rsf_press_freedom_political_context|rsf_press_freedom_rank|rsf_press_freedom_safety|rsf_press_freedom_score|rsf_press_freedom_social_context,political_freedom_country_year,rsf_press_freedom_2002.csv|rsf_press_freedom_2003.csv|rsf_press_freedom_2004.csv|rsf_press_freedom_2005.csv|rsf_press_freedom_2006.csv|rsf_press_freedom_2007.csv|rsf_press_freedom_2008.csv|rsf_press_freedom_2009.csv|rsf_press_freedom_2010.csv|rsf_press_freedom_2012.csv|rsf_press_freedom_2013.csv|rsf_press_freedom_2014.csv|rsf_press_freedom_2015.csv|rsf_press_freedom_2016.csv|rsf_press_freedom_2017.csv|rsf_press_freedom_2018.csv|rsf_press_freedom_2019.csv|rsf_press_freedom_2020.csv|rsf_press_freedom_2021.csv|rsf_press_freedom_2022.csv|rsf_press_freedom_2023.csv|rsf_press_freedom_2024.csv|rsf_press_freedom_2025.csv|rsf_press_freedom_2026.csv,data/processed/rsf_press_freedom/manifest-rsf_press_freedom-47de1104e85d.json,no executable research question routes this source
sipri_arms_transfers,sipri_arms_transfers,True,True,False,False,False,False,False,False,False,False,False,False,0,0,,,,,,,clean adapter registration or valid local metadata is missing
sipri_milex,sipri_milex,True,True,True,True,True,True,True,False,True,False,False,False,27559,0,1949,2025,sipri_milex_constant_usd|sipri_milex_per_capita|sipri_milex_share_of_gdp|sipri_milex_share_of_govt_spending,international_peace_country_year,SIPRI-Milex-data-1949-2025_v1.2.xlsx,data/processed/sipri_milex/manifest-sipri_milex-866c357d9c0a.json,observations lack matched country identity
sipri_yearbook_ch7,sipri_yearbook_ch7,True,True,True,True,False,False,False,False,False,False,False,False,0,0,,,,,YB23_07_WNF.pdf|YB24_07_WNF.pdf,,no successful processed manifest with observations
soviet_leaders_curated,soviet_leaders_curated,False,True,False,True,False,False,False,False,False,False,False,False,0,0,,,,,soviet_leaders.csv,,clean adapter registration or valid local metadata is missing
transparency_cpi,transparency_cpi,True,True,True,True,True,True,True,True,True,False,False,False,180,180,2023,2023,cpi_score,integrity_country_year,transparency_cpi_2023.csv,data/processed/transparency_cpi/manifest-transparency_cpi-613dcdac7b8a.json,no executable research question routes this source
ucdp,ucdp,True,True,True,True,True,True,True,True,True,False,False,False,25296,124,1989,2022,ucdp_intl_events|ucdp_intl_fatalities|ucdp_onesided_events|ucdp_onesided_fatalities|ucdp_state_based_events|ucdp_state_based_fatalities,domestic_violence_country_year|international_peace_country_year,ged231-csv.zip|organizedviolencecy-261-csv.zip|ucdp-onesided-261-csv.zip,data/processed/ucdp/manifest-ucdp-dc9b74a32a70.json,no executable research question routes this source
un_snaama,un_snaama,False,True,False,True,False,False,False,False,False,False,False,False,0,0,,,,,snaama_gdp_expenditure_current_usd.zip,,clean adapter registration or valid local metadata is missing
undp_hdi,undp_hdi,True,True,True,True,True,True,True,True,True,False,False,False,32432,206,1990,2022,undp_hdi_expected_years_schooling|undp_hdi_gni_per_capita|undp_hdi_hdi|undp_hdi_life_expectancy|undp_hdi_mean_years_schooling,social_wellbeing_country_year,HDR23-24_Composite_indices_complete_time_series.csv,data/processed/undp_hdi/manifest-undp_hdi-a7a4ff593852.json,no executable research question routes this source
vdem,vdem,True,True,True,True,True,True,True,True,True,False,False,False,618024,202,1789,2025,vdem_v2clkill|vdem_v2clsocgrp_ord|vdem_v2csreprss|vdem_v2x_accountability|vdem_v2x_civlib|vdem_v2x_clphy|vdem_v2x_clpol|vdem_v2x_clpriv|vdem_v2x_corr|vdem_v2x_egal|vdem_v2x_execorr|vdem_v2x_frassoc_thick|vdem_v2x_freexp|vdem_v2x_jucon|vdem_v2x_libdem|vdem_v2x_mpi|vdem_v2x_polyarchy|vdem_v2x_pubcorr|vdem_v2x_regime|vdem_v2x_rule|vdem_v2x_suffr|vdem_v2xlg_legcon,corruption_country_year|governance_country_year|political_country_year|repression_country_year|social_country_year,V-Dem-CY-Full+Others-v16.csv|V-Dem-CY-FullOthers-v16_csv.zip|cautionary_notes.pdf|codebook.pdf|suggested_citation.pdf|whats_new.pdf,data/processed/vdem/manifest-vdem-bb4b8933298f.json,no executable research question routes this source
who_gho_api,who_gho_api,True,True,True,True,True,True,True,True,True,False,False,False,744,200,2022,2022,who_gho_bcg_immunization|who_gho_dtp3_immunization|who_gho_hepb3_immunization|who_gho_under5_mortality,social_wellbeing_country_year,cache/2022/MDG_0000000007.json|cache/2022/WHOSIS_000001.json|cache/2022/WHS4_100.json|cache/2022/WHS4_117.json|cache/2022/WHS4_543.json|coverage_cache/2000/MDG_0000000007.json|coverage_cache/2000/WHOSIS_000001.json|coverage_cache/2000/WHS4_100.json|coverage_cache/2000/WHS4_117.json|coverage_cache/2000/WHS4_543.json|coverage_cache/2001/MDG_0000000007.json|coverage_cache/2001/WHOSIS_000001.json|coverage_cache/2001/WHS4_100.json|coverage_cache/2001/WHS4_117.json|coverage_cache/2001/WHS4_543.json|coverage_cache/2002/MDG_0000000007.json|coverage_cache/2002/WHOSIS_000001.json|coverage_cache/2002/WHS4_100.json|coverage_cache/2002/WHS4_117.json|coverage_cache/2002/WHS4_543.json|coverage_cache/2003/MDG_0000000007.json|coverage_cache/2003/WHOSIS_000001.json|coverage_cache/2003/WHS4_100.json|coverage_cache/2003/WHS4_117.json|coverage_cache/2003/WHS4_543.json|coverage_cache/2004/MDG_0000000007.json|coverage_cache/2004/WHOSIS_000001.json|coverage_cache/2004/WHS4_100.json|coverage_cache/2004/WHS4_117.json|coverage_cache/2004/WHS4_543.json|coverage_cache/2005/MDG_0000000007.json|coverage_cache/2005/WHOSIS_000001.json|coverage_cache/2005/WHS4_100.json|coverage_cache/2005/WHS4_117.json|coverage_cache/2005/WHS4_543.json|coverage_cache/2006/MDG_0000000007.json|coverage_cache/2006/WHOSIS_000001.json|coverage_cache/2006/WHS4_100.json|coverage_cache/2006/WHS4_117.json|coverage_cache/2006/WHS4_543.json|coverage_cache/2007/MDG_0000000007.json|coverage_cache/2007/WHOSIS_000001.json|coverage_cache/2007/WHS4_100.json|coverage_cache/2007/WHS4_117.json|coverage_cache/2007/WHS4_543.json|coverage_cache/2008/MDG_0000000007.json|coverage_cache/2008/WHOSIS_000001.json|coverage_cache/2008/WHS4_100.json|coverage_cache/2008/WHS4_117.json|coverage_cache/2008/WHS4_543.json|coverage_cache/2009/MDG_0000000007.json|coverage_cache/2009/WHOSIS_000001.json|coverage_cache/2009/WHS4_100.json|coverage_cache/2009/WHS4_117.json|coverage_cache/2009/WHS4_543.json|coverage_cache/2010/MDG_0000000007.json|coverage_cache/2010/WHOSIS_000001.json|coverage_cache/2010/WHS4_100.json|coverage_cache/2010/WHS4_117.json|coverage_cache/2010/WHS4_543.json|coverage_cache/2011/MDG_0000000007.json|coverage_cache/2011/WHOSIS_000001.json|coverage_cache/2011/WHS4_100.json|coverage_cache/2011/WHS4_117.json|coverage_cache/2011/WHS4_543.json|coverage_cache/2012/MDG_0000000007.json|coverage_cache/2012/WHOSIS_000001.json|coverage_cache/2012/WHS4_100.json|coverage_cache/2012/WHS4_117.json|coverage_cache/2012/WHS4_543.json|coverage_cache/2013/MDG_0000000007.json|coverage_cache/2013/WHOSIS_000001.json|coverage_cache/2013/WHS4_100.json|coverage_cache/2013/WHS4_117.json|coverage_cache/2013/WHS4_543.json|coverage_cache/2014/MDG_0000000007.json|coverage_cache/2014/WHOSIS_000001.json|coverage_cache/2014/WHS4_100.json|coverage_cache/2014/WHS4_117.json|coverage_cache/2014/WHS4_543.json|coverage_cache/2015/MDG_0000000007.json|coverage_cache/2015/WHOSIS_000001.json|coverage_cache/2015/WHS4_100.json|coverage_cache/2015/WHS4_117.json|coverage_cache/2015/WHS4_543.json|coverage_cache/2016/MDG_0000000007.json|coverage_cache/2016/WHOSIS_000001.json|coverage_cache/2016/WHS4_100.json|coverage_cache/2016/WHS4_117.json|coverage_cache/2016/WHS4_543.json|coverage_cache/2017/MDG_0000000007.json|coverage_cache/2017/WHOSIS_000001.json|coverage_cache/2017/WHS4_100.json|coverage_cache/2017/WHS4_117.json|coverage_cache/2017/WHS4_543.json|coverage_cache/2018/MDG_0000000007.json|coverage_cache/2018/WHOSIS_000001.json|coverage_cache/2018/WHS4_100.json|coverage_cache/2018/WHS4_117.json|coverage_cache/2018/WHS4_543.json|coverage_cache/2019/MDG_0000000007.json|coverage_cache/2019/WHOSIS_000001.json|coverage_cache/2019/WHS4_100.json|coverage_cache/2019/WHS4_117.json|coverage_cache/2019/WHS4_543.json|coverage_cache/2020/MDG_0000000007.json|coverage_cache/2020/WHOSIS_000001.json|coverage_cache/2020/WHS4_100.json|coverage_cache/2020/WHS4_117.json|coverage_cache/2020/WHS4_543.json|coverage_cache/2021/MDG_0000000007.json|coverage_cache/2021/WHOSIS_000001.json|coverage_cache/2021/WHS4_100.json|coverage_cache/2021/WHS4_117.json|coverage_cache/2021/WHS4_543.json|coverage_cache/2022/MDG_0000000007.json|coverage_cache/2022/WHOSIS_000001.json|coverage_cache/2022/WHS4_100.json|coverage_cache/2022/WHS4_117.json|coverage_cache/2022/WHS4_543.json|coverage_cache/2023/MDG_0000000007.json|coverage_cache/2023/WHOSIS_000001.json|coverage_cache/2023/WHS4_100.json|coverage_cache/2023/WHS4_117.json|coverage_cache/2023/WHS4_543.json|coverage_cache/2024/MDG_0000000007.json|coverage_cache/2024/WHOSIS_000001.json|coverage_cache/2024/WHS4_100.json|coverage_cache/2024/WHS4_117.json|coverage_cache/2024/WHS4_543.json|coverage_cache/2025/MDG_0000000007.json|coverage_cache/2025/WHOSIS_000001.json|coverage_cache/2025/WHS4_100.json|coverage_cache/2025/WHS4_117.json|coverage_cache/2025/WHS4_543.json,data/processed/who_gho_api/manifest-who_gho_api-57a26eb17081.json,no executable research question routes this source
wikidata_heads_of_state_government,wikidata_heads_of_state_government,True,True,True,True,True,True,True,True,False,False,False,False,1810,199,2023,2025,wikidata_head_of_government_held|wikidata_head_of_state_held,leader_identity_country_year,cache/cyc_2022_all_c01e7af7cf.json|cache/cyc_2022_all_c3dddc9feb.json|cache/cyc_2022_all_ebfc7ab434.json|cache/cyc_2022_all_fdc2d0e12c.json|cache/cyc_2023_all_c01e7af7cf.json|cache/cyc_2023_all_c3dddc9feb.json|cache/cyc_2023_all_fdc2d0e12c.json|cache/cyc_2024_all_c01e7af7cf.json|cache/cyc_2024_all_c3dddc9feb.json|cache/cyc_2024_all_f8d2a8e1ba.json|cache/cyc_2024_all_fdc2d0e12c.json|cache/cyc_2025_all_c01e7af7cf.json|cache/cyc_2025_all_c3dddc9feb.json|cache/cyc_2025_all_ebfc7ab434.json|cache/cyc_2025_all_fdc2d0e12c.json|cache/cyc_2026_all_c01e7af7cf.json|cache/cyc_2026_all_c3dddc9feb.json|cache/cyc_2026_all_fdc2d0e12c.json|cache/wd_ALL_2023_2b072a5846_6a945a3130.json,data/processed/wikidata_heads_of_state_government/manifest-wikidata_heads_of_state_government-ab0f28786088.json,observation families do not map to research concepts
wikipedia_search_extract,wikipedia_search_extract,True,True,True,True,False,False,False,False,False,False,False,False,0,0,,,,,cache/wikipedia_extracts_62f100bfa4_default.json|cache/wikipedia_search_62f100bfa4_7d0587b5ac.json,,no successful processed manifest with observations
world_bank_poverty_inequality_platform,world_bank_poverty_inequality_platform,True,True,False,False,False,False,False,False,False,False,False,False,0,0,,,,,,,clean adapter registration or valid local metadata is missing
world_bank_wdi,world_bank_wdi,True,True,True,True,True,True,True,True,True,True,True,True,4891,217,2022,2023,wdi_exports_pct_gdp|wdi_fdi_inflows_current_usd|wdi_gdp_constant_2015_usd|wdi_gdp_current_usd|wdi_gdp_per_capita|wdi_gdp_per_capita_ppp_constant_2017|wdi_gini_index|wdi_gni_per_capita_atlas|wdi_imports_pct_gdp|wdi_life_expectancy_at_birth|wdi_literacy_rate_adult|wdi_population|wdi_secondary_school_enrollment|wdi_under5_mortality_per_1000,economic_country_year|social_country_year,cache/2022/BX.KLT.DINV.CD.WD.json|cache/2022/NE.EXP.GNFS.ZS.json|cache/2022/NE.IMP.GNFS.ZS.json|cache/2022/NY.GDP.MKTP.CD.json|cache/2022/NY.GDP.MKTP.KD.json|cache/2022/NY.GDP.PCAP.CD.json|cache/2022/NY.GDP.PCAP.PP.KD.json|cache/2022/NY.GNP.PCAP.CD.json|cache/2022/SE.ADT.LITR.ZS.json|cache/2022/SE.SEC.ENRR.json|cache/2022/SH.DYN.MORT.json|cache/2022/SI.POV.GINI.json|cache/2022/SP.DYN.LE00.IN.json|cache/2022/SP.POP.TOTL.json|cache/2023/BX.KLT.DINV.CD.WD.json|cache/2023/NE.EXP.GNFS.ZS.json|cache/2023/NE.IMP.GNFS.ZS.json|cache/2023/NY.GDP.MKTP.CD.json|cache/2023/NY.GDP.MKTP.KD.json|cache/2023/NY.GDP.PCAP.CD.json|cache/2023/NY.GDP.PCAP.PP.KD.json|cache/2023/NY.GNP.PCAP.CD.json|cache/2023/SE.ADT.LITR.ZS.json|cache/2023/SE.SEC.ENRR.json|cache/2023/SH.DYN.MORT.json|cache/2023/SI.POV.GINI.json|cache/2023/SP.DYN.LE00.IN.json|cache/2023/SP.POP.TOTL.json|coverage_cache/BX.KLT.DINV.CD.WD_1960_2024.json|coverage_cache/NE.EXP.GNFS.ZS_1960_2024.json|coverage_cache/NE.IMP.GNFS.ZS_1960_2024.json|coverage_cache/NY.GDP.MKTP.CD_1960_2024.json|coverage_cache/NY.GDP.MKTP.KD_1960_2024.json|coverage_cache/NY.GDP.PCAP.CD_1960_2024.json|coverage_cache/NY.GDP.PCAP.PP.KD_1960_2024.json|coverage_cache/NY.GNP.PCAP.CD_1960_2024.json|coverage_cache/SE.ADT.LITR.ZS_1960_2024.json|coverage_cache/SE.SEC.ENRR_1960_2024.json|coverage_cache/SH.DYN.MORT_1960_2024.json|coverage_cache/SI.POV.GINI_1960_2024.json|coverage_cache/SP.DYN.LE00.IN_1960_2024.json|coverage_cache/SP.POP.TOTL_1960_2024.json|coverage_cache/world_bank_country_list.json,data/processed/world_bank_wdi/manifest-world_bank_wdi-09d7cce14b23.json,
world_bank_wgi,world_bank_wgi,True,True,True,True,True,True,True,True,True,False,False,False,29705,214,1996,2022,wgi_control_of_corruption|wgi_government_effectiveness|wgi_political_stability|wgi_regulatory_quality|wgi_rule_of_law|wgi_voice_and_accountability,governance_country_year,wgidataset.xlsx,data/processed/world_bank_wgi/manifest-world_bank_wgi-73383d1ee8ba.json,no executable research question routes this source
